interstellar,0.06079271
calvary,0
angel-eyes,0
as-above-so-below,0
high-school-high,0
the-german-doctor,0
charlies-angels-full-throttle,0
when-the-sea-rises,0
firestarter,0
goldeneye,0
4-little-girls,0
chasing-papi,0
the-forsaken,0
amores-perros,0
the-agronomist,0
house-of-the-sleeping-beauties,0
agent-cody-banks,0
hit-so-hard,0
robin-hood-men-in-tights,0
somethings-gotta-give,0
who-is-cletis-tout,0
a-decade-under-the-influence,0
velvet-goldmine,0
casi-divas,0
mixed-nuts,0
the-face-of-love,0
dawn-of-the-planet-of-the-apes,0
friday,0
american-cannibal-the-road-to-reality,0
vodka-lemon,0
beautiful-boxer,0
bamako,0
my-flesh-and-blood,0
alien-nation,0
monster-trucks,0
landline,0
afghan-star,0
surviving-christmas,0
addams-family-values,0
simon-the-oaks,0
the-bourne-ultimatum,0
all-the-right-moves,0
jimi-all-is-by-my-side,0
a-year-without-love,0
the-cult-of-the-suicide-bomber,0
star-wars-episode-ii---attack-of-the-clones,0
you-aint-seen-nothin-yet,0
the-nativity-story,0
out-of-the-clear-blue-sky,0
read-my-lips,0
